-- phpMyAdmin SQL Dump
-- version 5.2.1
-- https://www.phpmyadmin.net/
--
-- Host: 127.0.0.1
-- Generation Time: May 21, 2024 at 06:08 AM
-- Server version: 10.4.32-MariaDB
-- PHP Version: 8.2.12

SET SQL_MODE = "NO_AUTO_VALUE_ON_ZERO";
START TRANSACTION;
SET time_zone = "+00:00";


/*!40101 SET @OLD_CHARACTER_SET_CLIENT=@@CHARACTER_SET_CLIENT */;
/*!40101 SET @OLD_CHARACTER_SET_RESULTS=@@CHARACTER_SET_RESULTS */;
/*!40101 SET @OLD_COLLATION_CONNECTION=@@COLLATION_CONNECTION */;
/*!40101 SET NAMES utf8mb4 */;

--
-- Database: `hoanganh`
--

-- --------------------------------------------------------

--
-- Table structure for table `tbl_admin`
--

CREATE TABLE `tbl_admin` (
  `id_admin` int(11) NOT NULL,
  `username` varchar(100) NOT NULL,
  `password` varchar(100) NOT NULL,
  `admin_status` int(11) NOT NULL
) ENGINE=InnoDB DEFAULT CHARSET=utf8mb4 COLLATE=utf8mb4_general_ci;

--
-- Dumping data for table `tbl_admin`
--

INSERT INTO `tbl_admin` (`id_admin`, `username`, `password`, `admin_status`) VALUES
(1, 'admin', '202cb962ac59075b964b07152d234b70', 0);

-- --------------------------------------------------------

--
-- Table structure for table `tbl_baiviet`
--

CREATE TABLE `tbl_baiviet` (
  `id` int(11) NOT NULL,
  `tenbaiviet` varchar(250) NOT NULL,
  `tomtat` tinytext NOT NULL,
  `noidung` longtext NOT NULL,
  `id_danhmuc` int(11) NOT NULL,
  `tinhtrang` int(11) NOT NULL,
  `hinhanh` varchar(100) NOT NULL
) ENGINE=InnoDB DEFAULT CHARSET=utf8mb4 COLLATE=utf8mb4_general_ci;

--
-- Dumping data for table `tbl_baiviet`
--

INSERT INTO `tbl_baiviet` (`id`, `tenbaiviet`, `tomtat`, `noidung`, `id_danhmuc`, `tinhtrang`, `hinhanh`) VALUES
(1, 'Samsung sẽ cung cấp màn hình gập cho Apple', 'Ngày nay, những gì mà hầu hết người dùng thường lưu trong điện thoại là địa chỉ email và số điện thoại trong danh bạ, các cuộc hẹn theo lịch, hình ảnh và thậm chí có thể là những thông tin tài ch', '', 1, 1, '1715825532_iphone__ky2k6x5u6vue_og.png'),
(2, 'Ip sẽ ra ip 16 vào năm nay', '123123', '123123', 2, 1, '1715825811_iphone__ky2k6x5u6vue_og.png');

-- --------------------------------------------------------

--
-- Table structure for table `tbl_cart`
--

CREATE TABLE `tbl_cart` (
  `id_cart` int(11) NOT NULL,
  `id_khachhang` int(11) NOT NULL,
  `code_cart` varchar(10) NOT NULL,
  `cart_status` int(11) NOT NULL
) ENGINE=InnoDB DEFAULT CHARSET=utf8mb4 COLLATE=utf8mb4_general_ci;

--
-- Dumping data for table `tbl_cart`
--

INSERT INTO `tbl_cart` (`id_cart`, `id_khachhang`, `code_cart`, `cart_status`) VALUES
(1, 1, '6218', 1),
(2, 1, '1834', 1);

-- --------------------------------------------------------

--
-- Table structure for table `tbl_cart_details`
--

CREATE TABLE `tbl_cart_details` (
  `id_cart_details` int(11) NOT NULL,
  `code_cart` int(11) NOT NULL,
  `id_sanpham` int(11) NOT NULL,
  `soluongmua` int(11) NOT NULL
) ENGINE=InnoDB DEFAULT CHARSET=utf8mb4 COLLATE=utf8mb4_general_ci;

--
-- Dumping data for table `tbl_cart_details`
--

INSERT INTO `tbl_cart_details` (`id_cart_details`, `code_cart`, `id_sanpham`, `soluongmua`) VALUES
(1, 1834, 5, 1);

-- --------------------------------------------------------

--
-- Table structure for table `tbl_dangky`
--

CREATE TABLE `tbl_dangky` (
  `id_dangky` int(11) NOT NULL,
  `tenkhachhang` varchar(100) NOT NULL,
  `email` varchar(100) NOT NULL,
  `diachi` varchar(100) NOT NULL,
  `matkhau` varchar(100) NOT NULL,
  `dienthoai` varchar(20) NOT NULL
) ENGINE=InnoDB DEFAULT CHARSET=utf8mb4 COLLATE=utf8mb4_general_ci;

--
-- Dumping data for table `tbl_dangky`
--

INSERT INTO `tbl_dangky` (`id_dangky`, `tenkhachhang`, `email`, `diachi`, `matkhau`, `dienthoai`) VALUES
(1, 'Hoàng Anh', 'anhdinh1603.lol@gmail.com', 'Hải Phòng', '202cb962ac59075b964b07152d234b70', '0942782807');

-- --------------------------------------------------------

--
-- Table structure for table `tbl_danhmuc`
--

CREATE TABLE `tbl_danhmuc` (
  `id_danhmuc` int(11) NOT NULL,
  `tendanhmuc` varchar(100) NOT NULL,
  `thutu` int(11) NOT NULL
) ENGINE=InnoDB DEFAULT CHARSET=utf8mb4 COLLATE=utf8mb4_general_ci;

--
-- Dumping data for table `tbl_danhmuc`
--

INSERT INTO `tbl_danhmuc` (`id_danhmuc`, `tendanhmuc`, `thutu`) VALUES
(1, 'Tai nghe', 1),
(2, 'Gậy selfie', 2),
(3, 'Loa', 3),
(4, 'Ốp lưng', 4);

-- --------------------------------------------------------

--
-- Table structure for table `tbl_danhmucbaiviet`
--

CREATE TABLE `tbl_danhmucbaiviet` (
  `id_baiviet` int(11) NOT NULL,
  `tendanhmuc_baiviet` varchar(200) NOT NULL,
  `thutu` int(11) NOT NULL
) ENGINE=InnoDB DEFAULT CHARSET=utf8mb4 COLLATE=utf8mb4_general_ci;

--
-- Dumping data for table `tbl_danhmucbaiviet`
--

INSERT INTO `tbl_danhmucbaiviet` (`id_baiviet`, `tendanhmuc_baiviet`, `thutu`) VALUES
(1, 'Samsung', 1),
(2, 'Iphone', 2);

-- --------------------------------------------------------

--
-- Table structure for table `tbl_sanpham`
--

CREATE TABLE `tbl_sanpham` (
  `id_sanpham` int(11) NOT NULL,
  `tensp` varchar(100) NOT NULL,
  `masp` varchar(100) NOT NULL,
  `giasp` varchar(100) NOT NULL,
  `soluong` int(100) NOT NULL,
  `hinhanh` varchar(100) NOT NULL,
  `tomtat` text NOT NULL,
  `noidung` text NOT NULL,
  `id_danhmuc` varchar(100) NOT NULL,
  `tinhtrang` int(11) NOT NULL
) ENGINE=InnoDB DEFAULT CHARSET=utf8mb4 COLLATE=utf8mb4_general_ci;

--
-- Dumping data for table `tbl_sanpham`
--

INSERT INTO `tbl_sanpham` (`id_sanpham`, `tensp`, `masp`, `giasp`, `soluong`, `hinhanh`, `tomtat`, `noidung`, `id_danhmuc`, `tinhtrang`) VALUES
(1, 'Ốp lưng 1', '123', '100000', 100, '1715824802_ốp 1.jpg', '123', '123', '4', 1),
(2, 'Loa JBL', '1234', '100000', 100, '1715824860_lo2.jpg', '', '', '3', 1),
(3, 'Gậy selfie', '1111', '1000000', 100, '1715824887_g1.jpg', '', '', '2', 1),
(5, 'Tai nghe 1', '111111111', '1000000', 100, '1715824950_g10.jpg', '', '', '1', 1),
(6, 'Ốp lưng 2', '0001', '20000', 100, '1715825701_ốp 5.webp', '', '', '4', 1),
(7, 'Ốp lưng 3', '0002', '30000', 100, '1715825723_ốp 6.jpg', '', '', '4', 1),
(8, 'Ốp lưng 4', '0004', '30000', 100, '1715825745_ốp 9.jpg', '', '', '4', 1),
(9, 'Ốp lưng 5', '0006', '50000', 100, '1715825772_ốp 2.jpg', '', '', '4', 1);

--
-- Indexes for dumped tables
--

--
-- Indexes for table `tbl_admin`
--
ALTER TABLE `tbl_admin`
  ADD PRIMARY KEY (`id_admin`);

--
-- Indexes for table `tbl_baiviet`
--
ALTER TABLE `tbl_baiviet`
  ADD PRIMARY KEY (`id`);

--
-- Indexes for table `tbl_cart`
--
ALTER TABLE `tbl_cart`
  ADD PRIMARY KEY (`id_cart`);

--
-- Indexes for table `tbl_cart_details`
--
ALTER TABLE `tbl_cart_details`
  ADD PRIMARY KEY (`id_cart_details`);

--
-- Indexes for table `tbl_dangky`
--
ALTER TABLE `tbl_dangky`
  ADD PRIMARY KEY (`id_dangky`);

--
-- Indexes for table `tbl_danhmuc`
--
ALTER TABLE `tbl_danhmuc`
  ADD PRIMARY KEY (`id_danhmuc`);

--
-- Indexes for table `tbl_danhmucbaiviet`
--
ALTER TABLE `tbl_danhmucbaiviet`
  ADD PRIMARY KEY (`id_baiviet`);

--
-- Indexes for table `tbl_sanpham`
--
ALTER TABLE `tbl_sanpham`
  ADD PRIMARY KEY (`id_sanpham`);

--
-- AUTO_INCREMENT for dumped tables
--

--
-- AUTO_INCREMENT for table `tbl_admin`
--
ALTER TABLE `tbl_admin`
  MODIFY `id_admin` int(11) NOT NULL AUTO_INCREMENT, AUTO_INCREMENT=2;

--
-- AUTO_INCREMENT for table `tbl_baiviet`
--
ALTER TABLE `tbl_baiviet`
  MODIFY `id` int(11) NOT NULL AUTO_INCREMENT, AUTO_INCREMENT=3;

--
-- AUTO_INCREMENT for table `tbl_cart`
--
ALTER TABLE `tbl_cart`
  MODIFY `id_cart` int(11) NOT NULL AUTO_INCREMENT, AUTO_INCREMENT=3;

--
-- AUTO_INCREMENT for table `tbl_cart_details`
--
ALTER TABLE `tbl_cart_details`
  MODIFY `id_cart_details` int(11) NOT NULL AUTO_INCREMENT, AUTO_INCREMENT=2;

--
-- AUTO_INCREMENT for table `tbl_dangky`
--
ALTER TABLE `tbl_dangky`
  MODIFY `id_dangky` int(11) NOT NULL AUTO_INCREMENT, AUTO_INCREMENT=2;

--
-- AUTO_INCREMENT for table `tbl_danhmuc`
--
ALTER TABLE `tbl_danhmuc`
  MODIFY `id_danhmuc` int(11) NOT NULL AUTO_INCREMENT, AUTO_INCREMENT=5;

--
-- AUTO_INCREMENT for table `tbl_danhmucbaiviet`
--
ALTER TABLE `tbl_danhmucbaiviet`
  MODIFY `id_baiviet` int(11) NOT NULL AUTO_INCREMENT, AUTO_INCREMENT=3;

--
-- AUTO_INCREMENT for table `tbl_sanpham`
--
ALTER TABLE `tbl_sanpham`
  MODIFY `id_sanpham` int(11) NOT NULL AUTO_INCREMENT, AUTO_INCREMENT=10;
COMMIT;

/*!40101 SET CHARACTER_SET_CLIENT=@OLD_CHARACTER_SET_CLIENT */;
/*!40101 SET CHARACTER_SET_RESULTS=@OLD_CHARACTER_SET_RESULTS */;
/*!40101 SET COLLATION_CONNECTION=@OLD_COLLATION_CONNECTION */;
